{"count":1,"self":16876.2556416,"total":58037.687839,"children":{"InitializeActuators":{"count":13592,"self":0.28487799999999996,"total":0.28487799999999996,"children":null},"InitializeSensors":{"count":13592,"self":0.76159,"total":0.76159,"children":null},"AgentSendState":{"count":19548885,"self":1024.2397184,"total":1905.958232,"children":{"CollectObservations":{"count":15000182,"self":111.33004799999999,"total":111.330047,"children":null},"WriteActionMask":{"count":15000182,"self":17.1635088,"total":17.163508999999998,"children":null},"RequestDecision":{"count":15000182,"self":86.9722304,"total":753.22494699999993,"children":{"AgentInfo.ToProto":{"count":15000182,"self":71.953248,"total":666.252716,"children":{"GenerateSensorData":{"count":15000182,"self":525.0204672,"total":594.29946799999993,"children":{"RayPerceptionSensor.Perceive":{"count":15000182,"self":69.2790016,"total":69.279004,"children":null}}}}}}}}},"DecideAction":{"count":19548885,"self":37838.2352384,"total":37838.234906,"children":null},"AgentAct":{"count":19548885,"self":1415.4931199999999,"total":1415.9799739999999,"children":{"AgentInfo.ToProto":{"count":9292,"self":0.065753999999999993,"total":0.48684499999999997,"children":{"GenerateSensorData":{"count":9292,"self":0.371996,"total":0.421091,"children":{"RayPerceptionSensor.Perceive":{"count":9292,"self":0.049095,"total":0.049095,"children":null}}}}}}},"AgentInfo.ToProto":{"count":4294,"self":0.030551,"total":0.211329,"children":{"GenerateSensorData":{"count":4294,"self":0.158971,"total":0.180778,"children":{"RayPerceptionSensor.Perceive":{"count":4294,"self":0.021807,"total":0.021807,"children":null}}}}}},"gauges":{"Behavior.CumulativeReward":{"count":13586,"max":3043.733,"min":-11074.9072,"runningAverage":1831.82471,"value":1228.504,"weightedAverage":1835.00952}},"metadata":{"timer_format_version":"0.1.0","start_time_seconds":"1734445310","unity_version":"2022.3.54f1","command_line_arguments":"\/home\/seu\/Unity\/Hub\/Editor\/2022.3.54f1\/Editor\/Unity -projectpath \/home\/seu\/QYC\/test -useHub -hubIPC -cloudEnvironment production","communication_protocol_version":"1.5.0","com.unity.ml-agents_version":"3.0.0","scene_name":"ComplexScene","end_time_seconds":"1734503348"}}