{"count":1,"self":55.8240384,"total":150.42120599999998,"children":{"InitializeActuators":{"count":6,"self":0.002265,"total":0.002265,"children":null},"InitializeSensors":{"count":6,"self":0.0046159999999999994,"total":0.0046159999999999994,"children":null},"AgentSendState":{"count":73861,"self":5.3690039999999994,"total":5.7360679999999995,"children":{"CollectObservations":{"count":88638,"self":0.18800499999999998,"total":0.18800499999999998,"children":null},"WriteActionMask":{"count":88638,"self":0.051567999999999996,"total":0.051567999999999996,"children":null},"RequestDecision":{"count":88638,"self":0.127491,"total":0.127491,"children":null}}},"DecideAction":{"count":73861,"self":29.4694528,"total":29.835917,"children":{"RayPerceptionSensor.Perceive":{"count":177276,"self":0.366465,"total":0.366465,"children":null}}},"AgentAct":{"count":73861,"self":59.017030399999996,"total":59.017032,"children":null}},"gauges":{"Behavior.CumulativeReward":{"count":90,"max":6256.762,"min":-3140.11157,"runningAverage":4238.192,"value":5210.786,"weightedAverage":4506.444}},"metadata":{"timer_format_version":"0.1.0","start_time_seconds":"1743341919","unity_version":"2022.3.54f1","command_line_arguments":"\/home\/seu\/Unity\/Hub\/Editor\/2022.3.54f1\/Editor\/Unity -projectpath \/home\/seu\/QYC\/test2-0 -useHub -hubIPC -cloudEnvironment production","communication_protocol_version":"1.5.0","com.unity.ml-agents_version":"3.0.0","scene_name":"Square-test","end_time_seconds":"1743342069"}}