{"count":1,"self":11.2031376,"total":24.556497999999998,"children":{"InitializeActuators":{"count":6,"self":0.003152,"total":0.003152,"children":null},"InitializeSensors":{"count":6,"self":0.0046679999999999994,"total":0.0046679999999999994,"children":null},"AgentSendState":{"count":11557,"self":0.602362,"total":0.659994,"children":{"CollectObservations":{"count":13872,"self":0.029859999999999998,"total":0.029859999999999998,"children":null},"WriteActionMask":{"count":13872,"self":0.007317,"total":0.007317,"children":null},"RequestDecision":{"count":13872,"self":0.020454999999999997,"total":0.020454999999999997,"children":null}}},"DecideAction":{"count":11557,"self":4.6599632,"total":4.715301,"children":{"RayPerceptionSensor.Perceive":{"count":27744,"self":0.055338,"total":0.055338,"children":null}}},"AgentAct":{"count":11557,"self":7.9686943999999995,"total":7.9686939999999993,"children":null}},"gauges":{"Behavior.CumulativeReward":{"count":24,"max":3943.871,"min":-540.5562,"runningAverage":1606.034,"value":1413.90527,"weightedAverage":2052.339}},"metadata":{"timer_format_version":"0.1.0","start_time_seconds":"1744904389","unity_version":"2022.3.54f1","command_line_arguments":"\/home\/seu\/Unity\/Hub\/Editor\/2022.3.54f1\/Editor\/Unity -projectpath \/home\/seu\/QYC\/test2-2 -useHub -hubIPC -cloudEnvironment production","communication_protocol_version":"1.5.0","com.unity.ml-agents_version":"3.0.0","scene_name":"Square 4","end_time_seconds":"1744904413"}}